datetime,Open,High,Low,Close,Volume
2020-07-01 09:00:00+07:00,17.0,17.0,17.0,17.0,0.0
2020-07-02 09:00:00+07:00,27.625,30.375,27.625,30.25,594936600.0
2020-07-03 09:00:00+07:00,31.5,34.5,31.5,33.875,345318200.0
2020-07-07 09:00:00+07:00,37.0,37.375,33.25,34.5,230304000.0
2020-07-08 09:00:00+07:00,34.875,36.125,33.5,34.25,150417200.0
2020-07-09 09:00:00+07:00,34.5,38.0,34.0,37.375,165658800.0
2020-07-10 09:00:00+07:00,37.375,39.25,37.125,37.25,211710000.0
2020-07-13 09:00:00+07:00,38.5,40.875,37.875,40.875,71519400.0
2020-07-14 09:00:00+07:00,40.75,44.875,39.125,42.0,129254800.0
2020-07-15 09:00:00+07:00,40.625,41.0,38.125,40.125,65217000.0
2020-07-16 09:00:00+07:00,40.75,41.25,39.0,40.5,49309200.0
2020-07-17 09:00:00+07:00,42.5,43.0,41.625,42.75,49038200.00000001
2020-07-20 09:00:00+07:00,42.875,43.125,41.875,43.0,28037000.0
2020-07-21 09:00:00+07:00,42.0,42.75,41.0,41.5,28640000.0
2020-07-22 09:00:00+07:00,41.0,41.0,37.125,39.0,54595400.0
2020-07-23 09:00:00+07:00,38.5,40.5,38.25,40.25,20569400.0
2020-07-24 09:00:00+07:00,40.0,40.25,38.875,39.25,10788200.0
2020-07-29 09:00:00+07:00,40.375,42.0,40.125,41.25,35488000.00000001
2020-07-30 09:00:00+07:00,41.625,41.875,39.875,40.625,14989800.0
2020-07-31 09:00:00+07:00,40.75,40.875,39.625,40.75,8528400.0
2020-08-03 09:00:00+07:00,41.125,42.625,41.0,42.125,34144800.0
2020-08-04 09:00:00+07:00,42.0,43.0,40.5,42.75,31857800.0
2020-08-05 09:00:00+07:00,42.625,43.0,42.25,43.0,11466600.0
2020-08-06 09:00:00+07:00,43.0,43.375,42.5,42.5,11227200.0
2020-08-07 09:00:00+07:00,43.125,44.625,42.625,44.25,32394000.0
2020-08-10 09:00:00+07:00,43.75,44.625,43.5,44.25,17176400.0
2020-08-11 09:00:00+07:00,44.625,45.0,42.25,42.875,35907400.0
2020-08-13 09:00:00+07:00,39.5,40.0,37.25,39.125,65383000.00000001
2020-08-14 09:00:00+07:00,38.5,38.75,34.625,36.5,59704800.00000001
2020-08-17 09:00:00+07:00,34.5,35.0,31.125,32.75,79232400.0
2020-08-18 09:00:00+07:00,35.125,37.625,33.375,37.5,104914800.0
2020-08-19 09:00:00+07:00,37.375,40.0,37.125,39.125,61951400.00000001
2020-08-20 09:00:00+07:00,38.5,39.5,37.75,39.25,22923400.0
2020-08-21 09:00:00+07:00,39.375,39.875,39.0,39.375,19031200.0
2020-08-24 09:00:00+07:00,39.875,40.875,37.5,37.5,78776400.0
2020-08-25 09:00:00+07:00,35.0,35.875,33.875,33.875,69679000.00000001
2020-08-26 09:00:00+07:00,34.375,36.0,34.0,35.125,51216800.0
2020-08-27 09:00:00+07:00,34.75,35.25,34.5,34.5,14632200.0
2020-08-28 09:00:00+07:00,34.875,35.25,34.25,34.375,20971400.0
2020-08-31 09:00:00+07:00,34.75,34.75,34.125,34.125,8526000.0
2020-09-01 09:00:00+07:00,34.375,34.875,32.5,33.25,18974600.0
2020-09-02 09:00:00+07:00,33.625,34.0,33.25,33.5,14323400.0
2020-09-03 09:00:00+07:00,37.5,37.75,35.75,36.375,94412200.0
2020-09-08 09:00:00+07:00,36.375,36.375,34.375,35.125,32117800.0
2020-09-09 09:00:00+07:00,34.875,36.75,34.875,35.25,29881600.0
2020-09-10 09:00:00+07:00,34.0,34.375,33.25,33.375,54026200.00000001
2020-09-11 09:00:00+07:00,34.375,35.0,33.875,34.125,54596400.0
2020-09-14 09:00:00+07:00,34.5,35.0,34.125,34.25,28364800.0
2020-09-15 09:00:00+07:00,34.5,35.0,34.25,35.0,29064200.0
2020-09-16 09:00:00+07:00,34.875,35.25,34.75,34.875,15741400.0
2020-09-17 09:00:00+07:00,35.125,35.75,34.375,34.5,30714000.0
2020-09-18 09:00:00+07:00,34.875,35.125,34.625,35.0,12208400.0
2020-09-21 09:00:00+07:00,35.25,35.25,34.5,34.625,7812600.0
2020-09-22 09:00:00+07:00,34.75,35.125,34.625,35.0,9154400.0
2020-09-23 09:00:00+07:00,35.5,36.625,35.5,36.5,50959400.0
2020-09-24 09:00:00+07:00,37.0,38.375,36.625,38.25,54584200.0
2020-09-25 09:00:00+07:00,38.5,38.75,37.75,37.875,34575600.0
2020-09-28 09:00:00+07:00,38.5,40.125,38.375,39.625,62251400.0
2020-09-29 09:00:00+07:00,39.75,39.875,39.375,39.5,22936400.0
2020-09-30 09:00:00+07:00,39.625,40.5,38.375,38.375,40194400.00000001
2020-10-01 09:00:00+07:00,38.75,40.25,38.625,40.25,28224800.0
2020-10-02 09:00:00+07:00,40.625,45.875,40.625,44.25,140949400.0
2020-10-05 09:00:00+07:00,44.5,46.125,44.125,44.375,80924400.00000001
2020-10-06 09:00:00+07:00,44.75,46.0,43.0,43.25,70212400.00000001
2020-10-07 09:00:00+07:00,43.875,44.375,43.25,43.75,26211000.0
2020-10-08 09:00:00+07:00,44.25,44.25,43.0,43.0,26119600.0
2020-10-09 09:00:00+07:00,43.5,43.625,42.5,43.0,17234200.0
2020-10-12 09:00:00+07:00,43.25,44.75,43.125,44.5,40668400.0
2020-10-14 09:00:00+07:00,45.375,45.375,44.5,44.625,40424000.0
2020-10-15 09:00:00+07:00,44.625,44.875,43.25,44.25,28146800.0
2020-10-16 09:00:00+07:00,44.5,45.0,44.0,45.0,24486400.0
2020-10-19 09:00:00+07:00,44.625,45.125,44.25,44.25,29668400.0
2020-10-20 09:00:00+07:00,44.5,46.375,44.25,45.875,68116600.0
2020-10-21 09:00:00+07:00,45.75,45.875,44.25,44.5,41283000.00000001
2020-10-22 09:00:00+07:00,44.75,45.125,44.25,44.375,19091400.0
2020-10-26 09:00:00+07:00,44.25,44.25,43.5,43.5,19551400.0
2020-10-27 09:00:00+07:00,44.25,44.875,43.75,44.0,23867600.0
2020-10-28 09:00:00+07:00,44.5,44.5,43.75,44.25,26211600.0
2020-10-29 09:00:00+07:00,44.25,47.25,44.25,46.625,72974000.00000001
2020-10-30 09:00:00+07:00,46.5,46.75,45.75,45.75,21722800.0
2020-11-02 09:00:00+07:00,46.125,46.125,44.375,44.625,25951000.0
2020-11-03 09:00:00+07:00,45.125,45.25,44.75,44.75,11170600.0
2020-11-04 09:00:00+07:00,45.0,45.5,44.5,44.625,17923800.0
2020-11-05 09:00:00+07:00,44.875,45.5,44.625,45.0,24033800.0
2020-11-06 09:00:00+07:00,45.125,45.25,44.375,44.375,17089600.0
2020-11-09 09:00:00+07:00,45.0,45.0,43.5,43.75,16850600.0
2020-11-10 09:00:00+07:00,35.625,38.0,33.375,34.25,177352400.00000003
2020-11-11 09:00:00+07:00,36.0,36.125,34.25,34.75,117260600.0
2020-11-12 09:00:00+07:00,35.5,36.5,35.5,36.0,66034600.0
2020-11-13 09:00:00+07:00,36.5,38.0,36.25,37.625,69583000.00000001
2020-11-16 09:00:00+07:00,40.0,40.25,37.5,37.5,146217400.0
2020-11-17 09:00:00+07:00,34.75,36.875,34.625,36.375,145576200.0
2020-11-18 09:00:00+07:00,36.625,36.875,35.625,35.75,47048800.0
2020-11-19 09:00:00+07:00,36.0,36.25,35.25,35.25,32144600.0
2020-11-20 09:00:00+07:00,36.0,36.5,35.875,36.0,29244800.0
2020-11-23 09:00:00+07:00,36.25,36.375,35.625,36.0,23343000.0
2020-11-24 09:00:00+07:00,36.25,37.25,36.0,36.375,66834800.00000001
2020-11-25 09:00:00+07:00,36.75,37.0,36.25,36.625,28177600.0
2020-11-26 09:00:00+07:00,36.75,37.75,36.625,37.5,53641600.00000001
2020-11-27 09:00:00+07:00,37.25,38.0,37.0,37.625,33539600.0
2020-11-30 09:00:00+07:00,38.125,38.375,37.5,37.625,107501000.0
2020-12-01 09:00:00+07:00,37.875,38.125,37.125,37.125,31885200.0
2020-12-02 09:00:00+07:00,37.25,37.75,37.125,37.5,29586600.0
2020-12-03 09:00:00+07:00,37.375,37.625,37.0,37.125,15435200.0
2020-12-04 09:00:00+07:00,37.25,37.25,37.0,37.125,9938000.0
2020-12-08 09:00:00+07:00,37.25,37.625,37.125,37.25,20756800.0
2020-12-09 09:00:00+07:00,37.5,37.5,35.75,35.875,40003600.0
2020-12-14 09:00:00+07:00,35.0,36.0,34.5,35.125,66841200.00000001
2020-12-15 09:00:00+07:00,35.75,36.0,35.375,35.625,21884200.0
2020-12-16 09:00:00+07:00,36.0,37.0,35.875,36.75,42355200.0
2020-12-17 09:00:00+07:00,36.875,37.0,36.625,36.875,12464000.0
2020-12-18 09:00:00+07:00,37.0,37.0,36.5,36.875,44750400.00000001
2020-12-21 09:00:00+07:00,38.75,39.375,36.75,36.75,98889800.0
2020-12-22 09:00:00+07:00,37.25,37.25,36.75,36.875,16909400.0
2020-12-23 09:00:00+07:00,37.0,38.0,36.875,37.75,49360800.00000001
2020-12-24 09:00:00+07:00,38.0,38.0,36.5,36.625,34821000.0
2020-12-25 09:00:00+07:00,36.75,36.75,35.75,36.0,20067800.0
2020-12-28 09:00:00+07:00,37.125,37.125,36.125,36.125,26179400.0
2020-12-29 09:00:00+07:00,36.5,36.75,36.25,36.5,19985600.0
2020-12-30 09:00:00+07:00,36.75,38.125,36.75,38.0,80658000.0
2021-01-04 09:00:00+07:00,38.125,38.625,37.5,37.625,78742397.61554094
2021-01-05 09:00:00+07:00,38.25,38.5,37.5,38.0,35086900.0
2021-01-06 09:00:00+07:00,38.0,38.25,36.25,36.25,30094100.0
2021-01-07 09:00:00+07:00,36.75,37.0,36.0,36.5,23985100.0
2021-01-08 09:00:00+07:00,36.5,37.0,36.25,36.25,25140600.0
2021-01-11 09:00:00+07:00,36.75,37.75,36.5,37.75,27703900.0
2021-01-12 09:00:00+07:00,38.0,38.25,37.5,38.0,24317000.0
2021-01-13 09:00:00+07:00,38.25,38.25,37.0,37.0,20821800.0
2021-01-14 09:00:00+07:00,37.25,37.25,36.75,37.0,10837100.0
2021-01-15 09:00:00+07:00,37.0,37.25,36.75,37.0,8275100.0
2021-01-18 09:00:00+07:00,37.0,38.0,36.75,37.75,19203200.0
2021-01-19 09:00:00+07:00,38.0,38.75,37.75,38.5,46444400.0
2021-01-20 09:00:00+07:00,38.75,38.75,38.0,38.0,21804000.0
2021-01-21 09:00:00+07:00,38.25,38.5,37.75,37.75,10273000.0
2021-01-22 09:00:00+07:00,38.0,40.0,37.75,39.75,86814400.0
2021-01-25 09:00:00+07:00,41.0,42.0,41.0,41.25,64314700.0
2021-01-26 09:00:00+07:00,40.75,41.5,40.5,41.0,29272800.0
2021-01-27 09:00:00+07:00,41.0,42.25,40.5,41.25,46505600.0
2021-01-28 09:00:00+07:00,41.25,41.5,38.25,39.25,49581900.0
2021-01-29 09:00:00+07:00,39.75,40.0,38.5,39.75,24978100.0
2021-02-01 09:00:00+07:00,39.75,40.0,39.0,39.75,10131700.0
2021-02-02 09:00:00+07:00,40.25,40.75,39.75,40.25,12858200.0
2021-02-03 09:00:00+07:00,40.25,40.25,39.25,39.5,9335900.0
2021-02-04 09:00:00+07:00,39.5,39.75,39.0,39.25,6877200.0
2021-02-05 09:00:00+07:00,39.25,39.5,38.25,38.25,17326700.0
2021-02-08 09:00:00+07:00,38.25,38.5,37.75,38.0,14995500.0
2021-02-09 09:00:00+07:00,38.25,38.75,38.0,38.25,10693400.0
2021-02-10 09:00:00+07:00,38.5,38.5,38.0,38.25,5702700.0
2021-02-11 09:00:00+07:00,38.25,38.25,37.25,37.5,16083900.0
2021-02-15 09:00:00+07:00,38.0,39.0,37.5,38.5,19066400.0
2021-02-16 09:00:00+07:00,39.5,39.75,39.0,39.75,27804400.0
2021-02-17 09:00:00+07:00,40.5,41.0,39.75,39.75,53272900.0
2021-02-18 09:00:00+07:00,40.25,43.25,40.0,41.0,167993900.0
2021-02-19 09:00:00+07:00,41.25,42.25,40.75,40.75,47392200.0
2021-02-22 09:00:00+07:00,40.25,41.5,39.75,39.75,75749900.0
2021-02-23 09:00:00+07:00,40.0,40.5,39.5,39.5,34075600.0
2021-02-24 09:00:00+07:00,39.5,40.0,38.75,38.75,43752300.0
2021-02-25 09:00:00+07:00,39.0,39.75,38.5,38.5,41010900.0
2021-03-01 09:00:00+07:00,38.75,41.5,38.5,39.75,83084600.0
2021-03-02 09:00:00+07:00,40.0,40.25,38.75,38.75,40131800.0
2021-03-03 09:00:00+07:00,39.0,39.5,39.0,39.25,20978200.0
2021-03-04 09:00:00+07:00,39.25,39.75,39.0,39.75,20083300.0
2021-03-05 09:00:00+07:00,40.0,40.25,39.5,40.0,27047300.0
2021-03-08 09:00:00+07:00,40.25,40.25,39.5,39.75,15672300.0
2021-03-09 09:00:00+07:00,40.0,40.75,39.75,40.25,31820800.0
2021-03-10 09:00:00+07:00,40.25,40.25,39.5,40.0,19643900.0
2021-03-11 09:00:00+07:00,40.0,40.0,39.25,39.5,23076900.0
2021-03-12 09:00:00+07:00,39.5,39.75,39.0,39.25,12619200.0
2021-03-15 09:00:00+07:00,39.5,39.75,39.25,39.75,9795400.0
2021-03-16 09:00:00+07:00,39.75,40.0,39.25,39.5,7434200.0
2021-03-17 09:00:00+07:00,39.75,40.0,39.5,39.75,8154900.0
2021-03-18 09:00:00+07:00,40.0,40.25,39.75,39.75,8766100.0
2021-03-19 09:00:00+07:00,39.75,40.75,39.75,40.5,28216500.0
2021-03-22 09:00:00+07:00,40.5,40.75,40.0,40.0,10770300.0
2021-03-23 09:00:00+07:00,40.25,40.5,39.75,40.25,12506300.0
2021-03-24 09:00:00+07:00,40.25,40.75,40.0,40.5,20839200.0
2021-03-25 09:00:00+07:00,40.75,40.75,40.5,40.5,9391100.0
2021-03-26 09:00:00+07:00,40.75,40.75,40.25,40.25,9278900.0
2021-03-29 09:00:00+07:00,40.5,40.75,40.25,40.25,15529300.0
2021-03-30 09:00:00+07:00,40.25,40.5,40.25,40.5,7908700.0
2021-03-31 09:00:00+07:00,41.0,41.75,41.0,41.0,52323600.0
2021-04-01 09:00:00+07:00,41.0,41.5,41.0,41.25,13578200.0
2021-04-02 09:00:00+07:00,41.5,41.75,41.0,41.25,16483200.0
2021-04-05 09:00:00+07:00,41.5,42.5,41.25,42.0,52139900.0
2021-04-07 09:00:00+07:00,43.75,45.0,43.5,44.75,113841100.0
2021-04-08 09:00:00+07:00,46.0,46.5,45.5,45.5,76578500.0
2021-04-09 09:00:00+07:00,45.0,45.5,44.5,45.5,62667700.0
2021-04-12 09:00:00+07:00,44.0,44.25,43.25,43.5,42366100.0
2021-04-16 09:00:00+07:00,44.5,44.75,43.75,44.25,34915100.0
2021-04-19 09:00:00+07:00,44.0,44.0,43.25,43.25,24596700.0
2021-04-20 09:00:00+07:00,43.25,43.75,43.25,43.25,14228500.0
2021-04-21 09:00:00+07:00,43.25,43.75,43.0,43.25,14267400.0
2021-04-22 09:00:00+07:00,43.5,45.0,43.25,44.5,60075100.0
2021-04-23 09:00:00+07:00,45.0,45.75,44.0,44.0,65937900.0
2021-04-26 09:00:00+07:00,44.25,44.75,44.0,44.25,22314900.0
2021-04-27 09:00:00+07:00,44.5,44.5,43.25,43.25,27364800.0
2021-04-28 09:00:00+07:00,43.5,44.0,43.25,43.75,9982300.0
2021-04-29 09:00:00+07:00,44.0,44.5,43.75,44.5,14174200.0
2021-04-30 09:00:00+07:00,44.75,44.75,44.0,44.25,14803900.0
2021-05-05 09:00:00+07:00,44.75,45.5,44.5,45.25,54951800.0
2021-05-06 09:00:00+07:00,45.25,45.75,44.5,45.25,37871700.0
2021-05-07 09:00:00+07:00,45.5,45.5,45.0,45.25,10891000.0
2021-05-10 09:00:00+07:00,45.5,46.0,45.25,45.25,24392300.0
2021-05-11 09:00:00+07:00,45.25,45.75,44.75,45.25,16770000.0
2021-05-12 09:00:00+07:00,45.5,45.75,45.0,45.25,12976300.0
2021-05-13 09:00:00+07:00,45.5,46.0,43.5,45.5,77332900.0
2021-05-14 09:00:00+07:00,46.0,48.25,45.0,47.5,127365400.0
2021-05-17 09:00:00+07:00,48.0,48.5,47.5,48.25,37235500.0
2021-05-18 09:00:00+07:00,48.25,49.0,47.25,47.75,43194100.0
2021-05-19 09:00:00+07:00,48.0,48.0,47.25,47.25,15871600.0
2021-05-20 09:00:00+07:00,47.25,47.5,45.75,46.0,43780300.0
2021-05-21 09:00:00+07:00,46.25,47.0,46.0,47.0,22328400.0
2021-05-24 09:00:00+07:00,47.25,47.75,47.0,47.25,24001300.0
2021-05-25 09:00:00+07:00,45.5,46.25,45.5,46.0,18121900.0
2021-05-27 09:00:00+07:00,46.25,46.25,45.5,46.0,41761900.0
2021-05-28 09:00:00+07:00,46.25,46.5,44.25,44.5,49002000.0
2021-05-31 09:00:00+07:00,43.0,44.0,43.0,43.75,35869200.0
2021-06-01 09:00:00+07:00,43.75,44.75,43.75,44.25,17339200.0
2021-06-02 09:00:00+07:00,44.75,45.25,44.5,45.25,20055900.0
2021-06-04 09:00:00+07:00,45.0,45.25,43.75,44.0,40174700.0
2021-06-07 09:00:00+07:00,43.75,44.0,43.0,43.25,33816200.0
2021-06-08 09:00:00+07:00,43.25,43.5,42.5,42.5,31331800.0
2021-06-09 09:00:00+07:00,42.75,43.5,42.5,43.5,18465200.0
2021-06-10 09:00:00+07:00,43.5,43.5,42.5,42.5,18742600.0
2021-06-11 09:00:00+07:00,43.0,43.0,41.75,42.25,25560400.0
2021-06-14 09:00:00+07:00,42.25,42.5,41.25,41.5,27074400.0
2021-06-15 09:00:00+07:00,41.25,41.75,40.25,40.5,26501400.0
2021-06-16 09:00:00+07:00,40.5,41.75,40.25,41.75,26848900.0
2021-06-17 09:00:00+07:00,42.0,42.5,41.75,41.75,20472100.0
2021-06-18 09:00:00+07:00,42.0,42.0,41.25,41.75,8453600.0
2021-06-21 09:00:00+07:00,41.5,41.75,41.0,41.5,7690400.0
2021-06-22 09:00:00+07:00,41.75,42.25,41.5,41.5,7294800.0
2021-06-23 09:00:00+07:00,41.75,41.75,40.5,40.75,13312500.0
2021-06-24 09:00:00+07:00,40.75,41.0,40.25,40.5,10409100.0
2021-06-25 09:00:00+07:00,41.0,41.75,41.0,41.25,13414900.0
2021-06-28 09:00:00+07:00,41.25,41.5,40.75,41.25,8236600.0
2021-06-29 09:00:00+07:00,41.5,42.75,41.25,42.25,22905400.0
2021-06-30 09:00:00+07:00,42.25,42.5,41.75,41.75,23682200.0
2021-07-01 09:00:00+07:00,42.0,42.0,40.5,41.75,15246900.0
2021-07-02 09:00:00+07:00,41.75,41.75,40.75,41.25,9016300.0
2021-07-05 09:00:00+07:00,41.0,41.25,40.25,40.5,12506400.0
2021-07-06 09:00:00+07:00,40.5,40.5,39.75,39.75,19935100.0
2021-07-07 09:00:00+07:00,40.25,40.5,40.0,40.0,8107600.0
2021-07-08 09:00:00+07:00,39.75,40.25,39.5,40.0,14136000.0
2021-07-09 09:00:00+07:00,39.75,40.25,39.5,39.75,8421000.0
2021-07-12 09:00:00+07:00,40.0,40.0,37.5,38.0,29861400.0
2021-07-13 09:00:00+07:00,37.75,38.5,37.25,38.0,25451200.0
2021-07-14 09:00:00+07:00,38.0,38.0,37.0,37.75,30655800.0
2021-07-15 09:00:00+07:00,37.75,38.0,37.25,37.5,17711600.0
2021-07-16 09:00:00+07:00,37.5,40.0,37.0,39.5,44698200.0
2021-07-19 09:00:00+07:00,38.75,39.75,38.75,39.25,22165400.0
2021-07-20 09:00:00+07:00,39.5,39.75,38.5,39.0,14849200.0
2021-07-21 09:00:00+07:00,39.25,39.75,38.25,39.25,21069700.0
2021-07-22 09:00:00+07:00,39.5,39.75,38.5,38.5,15752600.0
2021-07-23 09:00:00+07:00,38.75,39.0,37.75,38.0,11158300.0
2021-07-27 09:00:00+07:00,37.5,37.75,36.75,37.25,34031500.0
2021-07-29 09:00:00+07:00,37.25,37.75,37.0,37.25,13614400.0
2021-07-30 09:00:00+07:00,37.5,37.75,37.0,37.5,17018800.0
2021-08-02 09:00:00+07:00,37.5,37.5,37.0,37.5,9712800.0
2021-08-03 09:00:00+07:00,37.5,38.25,37.25,38.0,19124800.0
2021-08-04 09:00:00+07:00,38.0,38.0,37.0,37.25,19005600.0
2021-08-05 09:00:00+07:00,37.5,37.75,37.25,37.25,16413000.0
2021-08-06 09:00:00+07:00,37.25,37.25,36.5,36.5,24602300.0
2021-08-09 09:00:00+07:00,36.75,37.0,36.0,37.0,13126500.0
2021-08-10 09:00:00+07:00,37.25,37.5,37.0,37.25,11474800.0
2021-08-11 09:00:00+07:00,38.0,38.75,38.0,38.25,40366300.0
2021-08-13 09:00:00+07:00,38.25,38.75,37.75,37.75,19509000.0
2021-08-16 09:00:00+07:00,37.75,38.25,37.25,37.75,16708200.0
2021-08-17 09:00:00+07:00,38.25,38.5,38.0,38.25,15400600.0
2021-08-18 09:00:00+07:00,38.25,38.75,38.25,38.25,8953200.0
2021-08-19 09:00:00+07:00,38.25,38.5,38.0,38.25,10615100.0
2021-08-20 09:00:00+07:00,38.5,38.5,38.25,38.5,9962900.0
2021-08-23 09:00:00+07:00,36.75,37.25,36.5,37.25,15285400.0
2021-08-24 09:00:00+07:00,37.25,37.5,37.0,37.0,11898800.0
2021-08-25 09:00:00+07:00,37.0,37.25,36.75,37.0,10822900.0
2021-08-26 09:00:00+07:00,37.0,37.25,36.75,36.75,13321800.0
2021-08-27 09:00:00+07:00,36.5,36.75,36.0,36.25,14079900.0
2021-08-30 09:00:00+07:00,36.5,36.5,36.25,36.25,10014800.0
2021-08-31 09:00:00+07:00,36.25,37.25,36.0,37.0,23434100.0
2021-09-01 09:00:00+07:00,37.0,37.0,36.5,36.75,9849200.0
2021-09-02 09:00:00+07:00,36.5,36.75,36.25,36.5,8870100.0
2021-09-03 09:00:00+07:00,36.5,36.5,36.0,36.25,13637900.0
2021-09-06 09:00:00+07:00,36.25,36.5,36.0,36.25,6267600.0
2021-09-07 09:00:00+07:00,36.5,36.75,36.0,36.0,11778100.0
2021-09-08 09:00:00+07:00,36.25,36.25,35.75,36.25,10783000.0
2021-09-09 09:00:00+07:00,36.25,36.5,36.0,36.0,6883100.0
2021-09-10 09:00:00+07:00,36.0,36.25,35.5,35.5,12637200.0
2021-09-13 09:00:00+07:00,35.25,35.25,34.25,34.5,37668800.0
2021-09-14 09:00:00+07:00,34.25,34.5,33.25,33.75,36292600.0
2021-09-15 09:00:00+07:00,33.5,34.25,33.25,34.0,27027400.0
2021-09-16 09:00:00+07:00,34.25,34.5,34.0,34.25,11597600.0
2021-09-17 09:00:00+07:00,34.25,34.5,34.0,34.0,11390600.0
2021-09-20 09:00:00+07:00,33.75,33.75,33.0,33.0,25042100.0
2021-09-21 09:00:00+07:00,33.0,33.25,32.25,32.5,28363300.0
2021-09-22 09:00:00+07:00,32.5,33.0,32.5,32.5,11525800.0
2021-09-23 09:00:00+07:00,32.5,32.75,30.5,31.5,31572200.0
2021-09-27 09:00:00+07:00,31.25,31.5,29.5,30.0,55302500.0
2021-09-28 09:00:00+07:00,30.0,31.75,29.5,31.75,43112600.0
2021-09-29 09:00:00+07:00,31.75,32.25,31.25,31.5,19551000.0
2021-09-30 09:00:00+07:00,31.75,32.0,31.0,31.25,11035000.0
2021-10-01 09:00:00+07:00,31.0,31.25,30.5,30.75,10822200.0
2021-10-04 09:00:00+07:00,30.75,31.0,30.5,30.75,7187300.0
2021-10-05 09:00:00+07:00,30.75,31.5,30.25,30.5,17021100.0
2021-10-06 09:00:00+07:00,30.5,31.0,30.5,30.5,7259400.0
2021-10-07 09:00:00+07:00,30.5,31.25,30.5,31.0,7896700.0
2021-10-08 09:00:00+07:00,31.0,31.25,30.5,30.75,11279900.0
2021-10-11 09:00:00+07:00,31.0,31.75,30.75,31.0,17915500.0
2021-10-12 09:00:00+07:00,31.0,31.5,30.25,31.5,25714600.0
2021-10-14 09:00:00+07:00,31.0,31.75,31.0,31.25,11388700.0
2021-10-15 09:00:00+07:00,31.25,31.75,31.25,31.75,12847300.0
2021-10-18 09:00:00+07:00,31.75,32.75,31.5,32.75,16506700.0
2021-10-19 09:00:00+07:00,32.75,32.75,31.75,31.75,16545500.0
2021-10-20 09:00:00+07:00,32.0,32.0,31.75,32.0,6855800.0
2021-10-21 09:00:00+07:00,32.0,32.5,31.75,32.0,19373500.0
2021-10-25 09:00:00+07:00,32.25,32.25,31.25,31.75,8438200.0
2021-10-26 09:00:00+07:00,31.75,32.0,31.25,31.5,13742900.0
2021-10-27 09:00:00+07:00,31.5,31.75,30.5,30.5,20056000.0
2021-10-28 09:00:00+07:00,30.5,31.25,30.25,30.25,8342300.0
2021-10-29 09:00:00+07:00,30.75,31.0,30.5,30.5,6757300.0
2021-11-01 09:00:00+07:00,30.25,30.75,29.0,29.5,29411800.0
2021-11-02 09:00:00+07:00,29.25,29.5,28.5,28.75,16338100.0
2021-11-03 09:00:00+07:00,28.75,29.0,28.25,28.5,9047900.0
2021-11-04 09:00:00+07:00,28.5,28.75,28.25,28.5,6854600.0
2021-11-05 09:00:00+07:00,28.5,28.75,27.75,27.75,13730600.0
2021-11-08 09:00:00+07:00,27.75,28.0,26.5,26.5,27529900.0
2021-11-09 09:00:00+07:00,27.25,28.75,27.25,27.75,38649000.0
2021-11-10 09:00:00+07:00,28.0,28.5,28.0,28.25,10826200.0
2021-11-11 09:00:00+07:00,28.5,28.5,28.0,28.5,7498200.0
2021-11-12 09:00:00+07:00,28.5,29.25,28.5,29.0,10959700.0
2021-11-15 09:00:00+07:00,29.25,29.5,29.0,29.25,9438600.0
2021-11-16 09:00:00+07:00,29.25,29.75,29.0,29.25,10570900.0
2021-11-17 09:00:00+07:00,29.0,29.25,28.75,29.0,10689500.0
2021-11-18 09:00:00+07:00,29.0,29.25,28.75,29.0,11193700.0
2021-11-19 09:00:00+07:00,27.5,27.75,27.25,27.5,8914500.0
2021-11-22 09:00:00+07:00,27.5,27.75,27.0,27.0,9927000.0
2021-11-23 09:00:00+07:00,27.25,28.25,27.0,28.0,14921000.0
2021-11-24 09:00:00+07:00,28.0,28.25,27.75,28.25,6477600.0
2021-11-25 09:00:00+07:00,28.0,28.25,27.75,28.0,6139200.0
2021-11-26 09:00:00+07:00,28.25,30.75,28.0,30.75,77134800.0
2021-11-29 09:00:00+07:00,33.0,33.5,31.75,32.5,80534700.0
2021-11-30 09:00:00+07:00,31.5,31.5,29.5,30.0,39771600.0
2021-12-01 09:00:00+07:00,30.0,30.0,28.75,29.25,20562900.0
2021-12-02 09:00:00+07:00,29.75,30.0,28.75,28.75,16032000.0
2021-12-03 09:00:00+07:00,28.75,29.25,28.5,28.75,9798400.0
2021-12-07 09:00:00+07:00,28.75,28.75,28.25,28.25,11173900.0
2021-12-08 09:00:00+07:00,28.5,28.75,28.25,28.25,6131600.0
2021-12-09 09:00:00+07:00,28.5,29.0,28.25,28.75,7642300.0
2021-12-13 09:00:00+07:00,28.75,29.0,28.5,28.75,7663100.0
2021-12-14 09:00:00+07:00,29.0,29.0,28.5,29.0,10895500.0
2021-12-15 09:00:00+07:00,28.75,29.0,28.5,28.75,6656400.0
2021-12-16 09:00:00+07:00,28.75,30.0,28.75,29.5,18875400.0
2021-12-17 09:00:00+07:00,29.75,29.75,29.25,29.5,9189700.0
2021-12-20 09:00:00+07:00,29.75,30.5,29.5,29.75,16358200.0
2021-12-21 09:00:00+07:00,29.5,30.0,29.25,29.75,11928200.0
2021-12-22 09:00:00+07:00,29.75,30.5,29.5,29.5,14311400.0
2021-12-23 09:00:00+07:00,29.75,30.0,29.5,29.75,9940700.0
2021-12-24 09:00:00+07:00,29.75,29.75,29.5,29.75,3966300.0
2021-12-27 09:00:00+07:00,29.75,30.25,29.5,29.75,5236300.0
2021-12-28 09:00:00+07:00,30.0,30.25,29.75,30.25,8868700.0
2021-12-29 09:00:00+07:00,30.0,30.25,29.75,30.0,8386000.0
2021-12-30 09:00:00+07:00,30.25,30.25,30.0,30.25,7085500.0
2022-01-04 09:00:00+07:00,30.0,30.25,29.0,29.5,22516100.0
2022-01-05 09:00:00+07:00,29.5,30.25,29.25,30.0,16989300.0
2022-01-06 09:00:00+07:00,30.25,30.25,29.75,30.0,10507900.0
2022-01-07 09:00:00+07:00,30.25,30.25,29.5,30.0,7157100.0
2022-01-10 09:00:00+07:00,30.0,30.75,29.75,30.75,13256700.0
2022-01-11 09:00:00+07:00,30.75,30.75,30.25,30.5,7860500.0
2022-01-12 09:00:00+07:00,30.5,30.75,29.75,30.25,10350800.0
2022-01-13 09:00:00+07:00,30.25,30.5,30.0,30.25,5784000.0
2022-01-14 09:00:00+07:00,30.25,30.25,30.0,30.25,3058900.0
2022-01-17 09:00:00+07:00,30.0,30.25,29.75,30.0,6136000.0
2022-01-18 09:00:00+07:00,29.75,30.0,29.0,29.25,16629200.0
2022-01-19 09:00:00+07:00,29.25,29.25,28.5,28.75,10076300.0
2022-01-20 09:00:00+07:00,28.75,29.0,28.5,28.75,3123600.0
2022-01-21 09:00:00+07:00,28.5,29.0,28.5,28.75,7897300.0
2022-01-24 09:00:00+07:00,28.75,29.0,28.5,28.75,6151600.0
2022-01-25 09:00:00+07:00,28.75,29.0,28.25,28.75,7460100.0
2022-01-26 09:00:00+07:00,28.75,29.0,28.5,28.5,3791700.0
2022-01-27 09:00:00+07:00,28.25,28.75,28.25,28.5,7191900.0
2022-01-28 09:00:00+07:00,28.5,29.0,28.5,28.5,4968300.0
2022-01-31 09:00:00+07:00,29.0,29.5,28.75,29.0,7451700.0
2022-02-01 09:00:00+07:00,29.5,30.0,29.25,30.0,10169600.0
2022-02-02 09:00:00+07:00,30.0,30.25,29.5,30.0,11021800.0
2022-02-03 09:00:00+07:00,29.75,30.0,29.5,29.75,2598900.0
2022-02-04 09:00:00+07:00,29.75,30.0,29.5,29.5,3389600.0
2022-02-07 09:00:00+07:00,29.5,30.25,29.5,29.75,9328400.0
2022-02-08 09:00:00+07:00,29.75,30.0,29.5,30.0,3989800.0
2022-02-09 09:00:00+07:00,30.0,30.0,29.5,30.0,8887900.0
2022-02-10 09:00:00+07:00,29.75,30.0,29.5,29.75,8991800.0
2022-02-11 09:00:00+07:00,29.75,29.75,28.75,29.0,14210000.0
2022-02-14 09:00:00+07:00,28.75,29.25,28.75,29.0,4424300.0
2022-02-15 09:00:00+07:00,29.0,29.25,28.75,29.25,4498300.0
2022-02-17 09:00:00+07:00,29.25,30.25,29.25,29.75,15342600.0
2022-02-18 09:00:00+07:00,28.5,29.0,28.0,28.25,38157000.0
2022-02-21 09:00:00+07:00,28.0,28.0,27.0,27.5,21675600.0
2022-02-22 09:00:00+07:00,27.0,27.25,26.5,27.0,16247000.0
2022-02-23 09:00:00+07:00,27.0,27.25,26.75,26.75,9972400.0
2022-02-24 09:00:00+07:00,26.75,26.75,25.5,25.75,29720800.0
2022-02-25 09:00:00+07:00,25.75,26.25,25.5,25.75,12937400.0
2022-02-28 09:00:00+07:00,25.75,26.0,25.5,25.75,6303800.0
2022-03-01 09:00:00+07:00,25.75,26.5,25.5,26.0,13289800.0
2022-03-02 09:00:00+07:00,25.75,26.0,25.0,25.5,16242700.0
2022-03-03 09:00:00+07:00,25.5,25.75,24.799999,25.0,15828500.0
2022-03-04 09:00:00+07:00,25.0,25.0,24.1,24.6,25076200.0
2022-03-07 09:00:00+07:00,24.299999,24.700001,24.1,24.1,11658900.0
2022-03-08 09:00:00+07:00,24.1,24.200001,23.0,23.4,21228600.0
2022-03-09 09:00:00+07:00,23.299999,23.9,22.799999,23.9,18256900.0
2022-03-10 09:00:00+07:00,24.1,24.700001,24.0,24.299999,11968800.0
2022-03-11 09:00:00+07:00,24.200001,24.799999,23.799999,24.6,9430500.0
2022-03-14 09:00:00+07:00,24.700001,25.75,24.700001,25.25,20368800.0
2022-03-15 09:00:00+07:00,25.5,25.75,25.0,25.25,10236200.0
2022-03-16 09:00:00+07:00,25.25,25.5,25.0,25.5,5949900.0
2022-03-17 09:00:00+07:00,25.5,26.0,25.5,25.5,7306400.0
2022-03-18 09:00:00+07:00,25.75,26.25,25.0,26.25,12188300.0
2022-03-21 09:00:00+07:00,26.25,26.5,25.75,25.75,4019700.0
2022-03-22 09:00:00+07:00,25.75,26.25,25.75,26.0,9949200.0
2022-03-23 09:00:00+07:00,26.0,26.25,25.75,25.75,3397300.0
2022-03-24 09:00:00+07:00,25.75,26.0,25.5,25.75,4394000.0
2022-03-25 09:00:00+07:00,25.75,26.0,25.25,25.25,4809100.0
2022-03-28 09:00:00+07:00,25.25,25.75,25.25,25.5,3534900.0
2022-03-29 09:00:00+07:00,25.5,25.75,25.25,25.5,3655900.0
2022-03-30 09:00:00+07:00,25.5,25.75,25.0,25.5,8312700.0
2022-03-31 09:00:00+07:00,25.25,25.75,25.0,25.25,5407700.0
2022-04-01 09:00:00+07:00,25.25,26.0,25.0,25.5,12012300.0
2022-04-04 09:00:00+07:00,25.5,26.25,25.5,26.0,10515500.0
2022-04-05 09:00:00+07:00,26.0,26.25,25.75,26.0,5536300.0
2022-04-07 09:00:00+07:00,26.0,26.0,25.5,25.75,6042300.0
2022-04-08 09:00:00+07:00,25.75,26.0,25.5,25.5,4370500.0
2022-04-11 09:00:00+07:00,25.5,25.75,25.0,25.25,7125300.0
2022-04-12 09:00:00+07:00,25.0,25.25,25.0,25.0,5352100.0
2022-04-18 09:00:00+07:00,25.25,26.0,25.25,25.5,10735600.0
2022-04-19 09:00:00+07:00,25.0,25.0,24.6,25.0,8187500.0
2022-04-20 09:00:00+07:00,25.0,25.25,24.799999,25.0,4755600.0
2022-04-21 09:00:00+07:00,25.0,25.25,24.9,25.0,4802000.0
2022-04-22 09:00:00+07:00,25.0,25.25,24.700001,24.9,4809000.0
2022-04-25 09:00:00+07:00,24.799999,24.799999,24.1,24.5,8163000.0
2022-04-26 09:00:00+07:00,24.5,24.6,24.1,24.299999,6696000.0
2022-04-27 09:00:00+07:00,24.200001,24.299999,23.700001,23.9,8837300.0
2022-04-28 09:00:00+07:00,23.799999,24.200001,23.799999,24.200001,5061200.0
2022-04-29 09:00:00+07:00,24.200001,24.4,24.1,24.299999,4433700.0
2022-05-03 09:00:00+07:00,24.200001,24.200001,23.700001,24.0,7101300.0
2022-05-05 09:00:00+07:00,23.0,23.200001,22.200001,22.299999,26019800.0
2022-05-06 09:00:00+07:00,21.1,21.6,20.299999,20.4,24342000.0
2022-05-09 09:00:00+07:00,19.799999,20.200001,19.200001,19.299999,27421800.0
2022-05-10 09:00:00+07:00,19.1,19.9,18.5,19.799999,45101100.0
2022-05-11 09:00:00+07:00,19.700001,19.700001,19.0,19.1,19393000.0
2022-05-12 09:00:00+07:00,19.1,19.1,18.6,18.700001,16588200.0
2022-05-13 09:00:00+07:00,18.700001,18.9,18.5,18.6,14742100.0
2022-05-17 09:00:00+07:00,18.6,18.700001,17.799999,18.0,24738800.0
2022-05-18 09:00:00+07:00,18.0,19.0,18.0,18.9,28655100.0
2022-05-19 09:00:00+07:00,18.5,19.299999,18.5,19.1,14550400.0
2022-05-20 09:00:00+07:00,19.299999,19.5,18.9,19.299999,9866400.0
2022-05-23 09:00:00+07:00,19.5,20.0,19.299999,20.0,16754664.0
2022-05-24 09:00:00+07:00,20.1,21.4,20.1,21.1,32082292.0
2022-05-25 09:00:00+07:00,21.1,21.1,20.299999,20.700001,19346639.0
2022-05-26 09:00:00+07:00,20.4,20.5,20.0,20.1,18471315.0
2022-05-27 09:00:00+07:00,20.200001,20.299999,19.700001,20.200001,12271855.0
2022-05-30 09:00:00+07:00,20.1,20.700001,19.700001,20.4,27769272.0
2022-05-31 09:00:00+07:00,20.5,20.5,20.1,20.1,88617453.0
2022-06-01 09:00:00+07:00,20.200001,20.200001,19.700001,19.799999,18995006.0
2022-06-02 09:00:00+07:00,19.799999,19.9,19.6,19.700001,7780409.0
2022-06-06 09:00:00+07:00,19.6,19.6,18.700001,18.799999,19409752.0
2022-06-07 09:00:00+07:00,18.799999,18.799999,18.200001,18.4,14469918.0
2022-06-08 09:00:00+07:00,18.5,18.5,18.1,18.1,9437354.0
2022-06-09 09:00:00+07:00,18.1,18.4,18.0,18.0,10862084.0
2022-06-10 09:00:00+07:00,18.1,18.200001,17.799999,17.9,8634262.0
2022-06-13 09:00:00+07:00,17.700001,17.700001,16.799999,17.0,27236859.0
2022-06-14 09:00:00+07:00,16.9,17.200001,16.799999,17.0,13105119.0
2022-06-15 09:00:00+07:00,17.0,17.1,16.6,16.700001,10628407.0
2022-06-16 09:00:00+07:00,16.9,17.0,16.1,16.1,16250459.0
2022-06-17 09:00:00+07:00,16.0,17.200001,15.9,17.0,23039023.0
2022-06-20 09:00:00+07:00,17.0,17.0,16.6,16.799999,6287568.0
2022-06-21 09:00:00+07:00,16.799999,17.4,16.5,17.299999,10977405.0
2022-06-22 09:00:00+07:00,17.1,17.200001,16.700001,16.700001,10264780.0
2022-06-23 09:00:00+07:00,16.799999,17.1,16.5,17.0,8447372.0
2022-06-24 09:00:00+07:00,17.0,17.700001,16.9,17.299999,17041068.0
2022-06-27 09:00:00+07:00,17.299999,17.299999,17.0,17.200001,14622354.0
2022-06-28 09:00:00+07:00,17.1,17.200001,16.9,17.0,6288706.0
2022-06-29 09:00:00+07:00,16.9,17.0,16.799999,16.9,5186556.0
2022-06-30 09:00:00+07:00,16.9,16.9,15.8,16.299999,45173922.0
2022-07-01 09:00:00+07:00,16.200001,16.299999,15.8,15.8,14795771.0
2022-07-04 09:00:00+07:00,15.8,15.9,15.5,15.5,8338853.0
2022-07-05 09:00:00+07:00,15.7,17.0,15.7,16.799999,35348519.0
2022-07-06 09:00:00+07:00,17.0,17.1,16.200001,16.700001,19884966.0
2022-07-07 09:00:00+07:00,16.5,16.700001,16.200001,16.5,12069869.0
2022-07-08 09:00:00+07:00,16.5,16.6,16.0,16.1,7101045.0
2022-07-11 09:00:00+07:00,16.1,16.9,15.8,16.799999,30270569.0
2022-07-12 09:00:00+07:00,16.700001,16.799999,16.200001,16.200001,13885404.0
2022-07-14 09:00:00+07:00,16.1,16.700001,16.1,16.5,11208904.0
2022-07-15 09:00:00+07:00,16.5,16.700001,16.200001,16.4,11164062.0
2022-07-18 09:00:00+07:00,16.5,16.700001,16.200001,16.299999,14485388.0
2022-07-19 09:00:00+07:00,16.299999,16.5,15.8,15.9,17140732.0
2022-07-20 09:00:00+07:00,16.0,16.299999,15.9,16.0,13298089.0
2022-07-21 09:00:00+07:00,16.0,16.1,15.8,16.0,6857152.0
2022-07-22 09:00:00+07:00,16.1,16.700001,16.0,16.6,15500092.0
2022-07-25 09:00:00+07:00,16.6,16.799999,16.4,16.700001,11578442.0
2022-07-26 09:00:00+07:00,16.700001,16.799999,16.299999,16.299999,6299582.0
2022-07-27 09:00:00+07:00,16.200001,16.4,16.1,16.299999,7003476.0
2022-08-01 09:00:00+07:00,16.299999,17.200001,16.299999,16.700001,21666013.0
2022-08-02 09:00:00+07:00,16.5,17.1,16.5,16.700001,11750476.0
2022-08-03 09:00:00+07:00,16.6,16.799999,16.5,16.6,10244797.0
2022-08-04 09:00:00+07:00,16.6,17.1,16.5,16.5,14879438.0
2022-08-05 09:00:00+07:00,16.5,16.700001,16.200001,16.200001,11061524.0
2022-08-08 09:00:00+07:00,16.200001,16.200001,15.8,16.0,11261530.0
2022-08-09 09:00:00+07:00,16.1,16.200001,15.9,16.200001,3556590.0
2022-08-10 09:00:00+07:00,16.200001,16.200001,15.7,16.0,8770265.0
2022-08-11 09:00:00+07:00,16.1,16.700001,15.9,16.1,21612036.0
2022-08-15 09:00:00+07:00,16.200001,16.200001,15.7,15.9,11006475.0
2022-08-16 09:00:00+07:00,16.0,16.1,15.6,15.6,15982919.0
2022-08-17 09:00:00+07:00,15.7,15.8,15.4,15.7,13284874.0
2022-08-18 09:00:00+07:00,15.8,15.8,15.6,15.7,6415942.0
2022-08-19 09:00:00+07:00,15.7,15.9,15.6,15.6,10689449.0
2022-08-22 09:00:00+07:00,15.7,16.0,15.6,15.7,19537969.0
2022-08-23 09:00:00+07:00,15.2,15.3,14.7,14.8,20075368.0
2022-08-24 09:00:00+07:00,14.8,14.9,14.4,14.6,14692525.0
2022-08-25 09:00:00+07:00,14.6,14.6,14.3,14.4,13327475.0
2022-08-26 09:00:00+07:00,14.4,14.6,14.3,14.4,6955195.0
2022-08-29 09:00:00+07:00,14.2,14.2,13.9,14.1,18033789.0
2022-08-30 09:00:00+07:00,14.0,14.1,13.7,13.7,13244040.0
2022-08-31 09:00:00+07:00,13.7,14.3,13.7,14.2,14316811.0
2022-09-01 09:00:00+07:00,14.1,14.2,13.7,13.8,13764074.0
2022-09-02 09:00:00+07:00,13.8,13.9,13.3,13.6,23571874.0
2022-09-05 09:00:00+07:00,13.6,13.7,13.2,13.4,8351602.0
2022-09-06 09:00:00+07:00,13.4,13.6,13.3,13.5,4584849.0
2022-09-07 09:00:00+07:00,13.5,13.7,13.5,13.6,4915653.0
2022-09-08 09:00:00+07:00,13.6,13.7,13.2,13.3,11829969.0
2022-09-09 09:00:00+07:00,13.3,13.7,13.3,13.6,10133512.0
2022-09-12 09:00:00+07:00,13.6,13.8,13.5,13.6,5849690.0
2022-09-13 09:00:00+07:00,13.6,13.7,13.4,13.5,4700225.0
2022-09-14 09:00:00+07:00,13.4,13.4,13.2,13.4,6484953.0
2022-09-15 09:00:00+07:00,13.4,13.4,13.1,13.3,7865285.0
2022-09-16 09:00:00+07:00,13.3,13.3,12.9,13.0,19012690.0
2022-09-19 09:00:00+07:00,13.0,13.1,12.1,12.3,22356156.0
2022-09-20 09:00:00+07:00,12.3,12.6,12.2,12.4,10187238.0
2022-09-21 09:00:00+07:00,12.4,12.5,12.0,12.1,10573223.0
2022-09-22 09:00:00+07:00,12.1,12.6,12.0,12.4,14360189.0
2022-09-23 09:00:00+07:00,12.4,12.6,12.2,12.4,9627856.0
2022-09-26 09:00:00+07:00,12.3,12.4,12.1,12.1,7140982.0
2022-09-27 09:00:00+07:00,12.1,12.2,11.7,11.8,14136583.0
2022-09-28 09:00:00+07:00,11.7,11.8,11.4,11.5,15891994.0
2022-09-29 09:00:00+07:00,11.7,11.7,11.1,11.2,11617406.0
2022-09-30 09:00:00+07:00,11.1,11.5,11.0,11.4,9804535.0
2022-10-03 09:00:00+07:00,11.3,11.5,10.9,11.0,10630633.0
2022-10-04 09:00:00+07:00,11.2,11.4,11.1,11.3,9864754.0
2022-10-05 09:00:00+07:00,11.3,11.7,11.3,11.6,8820566.0
2022-10-06 09:00:00+07:00,11.6,12.6,11.6,12.2,17995744.0
2022-10-07 09:00:00+07:00,12.0,12.1,11.8,12.1,5595222.0
2022-10-10 09:00:00+07:00,11.9,12.0,11.3,11.3,12683889.0
2022-10-11 09:00:00+07:00,11.2,11.4,10.8,10.9,17056521.0
2022-10-12 09:00:00+07:00,10.9,11.1,10.8,10.9,8156729.0
2022-10-17 09:00:00+07:00,11.0,11.3,10.9,11.2,13484229.0
2022-10-18 09:00:00+07:00,11.3,11.5,11.2,11.4,8113371.0
2022-10-19 09:00:00+07:00,11.5,11.6,11.3,11.4,7915898.0
2022-10-20 09:00:00+07:00,11.4,11.5,11.0,11.1,28971939.0
2022-10-21 09:00:00+07:00,11.1,11.3,11.0,11.1,5061711.0
2022-10-25 09:00:00+07:00,11.1,11.4,11.0,11.0,6534449.0
2022-10-26 09:00:00+07:00,11.0,11.2,11.0,11.1,3539645.0
2022-10-27 09:00:00+07:00,11.0,11.2,11.0,11.2,4579157.0
2022-10-28 09:00:00+07:00,11.2,11.3,11.1,11.2,1865374.0
2022-10-31 09:00:00+07:00,11.2,11.4,11.0,11.1,7249241.0
2022-11-01 09:00:00+07:00,11.1,11.3,11.1,11.3,2985422.0
2022-11-02 09:00:00+07:00,11.3,11.3,11.1,11.2,4437510.0
2022-11-03 09:00:00+07:00,11.2,11.3,11.0,11.2,4766005.0
2022-11-04 09:00:00+07:00,11.2,11.6,11.1,11.4,11408277.0
2022-11-07 09:00:00+07:00,11.8,11.8,11.4,11.5,7915581.0
2022-11-08 09:00:00+07:00,11.6,11.6,11.3,11.5,5390236.0
2022-11-09 09:00:00+07:00,10.6,10.8,10.0,10.2,53063144.0
2022-11-10 09:00:00+07:00,10.1,10.3,9.85,9.85,33410499.0
2022-11-11 09:00:00+07:00,9.9,10.2,9.7,10.1,23081479.0
2022-11-14 09:00:00+07:00,10.1,10.6,10.0,10.4,16729515.0
2022-11-15 09:00:00+07:00,10.3,10.8,10.3,10.6,10730294.0
2022-11-16 09:00:00+07:00,10.5,10.5,10.3,10.3,6741090.0
2022-11-17 09:00:00+07:00,10.4,10.4,10.0,10.2,5988210.0
2022-11-18 09:00:00+07:00,10.1,10.2,9.9,10.2,8107654.0
2022-11-21 09:00:00+07:00,10.2,10.3,10.0,10.0,4902350.0
2022-11-22 09:00:00+07:00,10.0,10.1,9.7,9.75,16108046.0
2022-11-23 09:00:00+07:00,9.8,9.9,9.7,9.85,4759367.0
2022-11-24 09:00:00+07:00,9.9,10.1,9.85,10.0,5230822.0
2022-11-25 09:00:00+07:00,10.1,10.1,9.9,9.9,8427134.0
2022-11-28 09:00:00+07:00,9.85,9.9,9.8,9.85,4409460.0
2022-11-29 09:00:00+07:00,9.9,10.2,9.8,9.9,11597306.0
2022-11-30 09:00:00+07:00,9.9,10.2,9.85,10.0,11159880.0
2022-12-01 09:00:00+07:00,10.0,10.1,9.9,9.9,4897320.0
2022-12-02 09:00:00+07:00,9.9,9.95,9.85,9.85,3013490.0
2022-12-06 09:00:00+07:00,9.9,9.9,9.7,9.7,9410122.0
2022-12-07 09:00:00+07:00,9.75,9.85,9.7,9.75,4550140.0
2022-12-08 09:00:00+07:00,9.75,9.9,9.75,9.75,5333954.0
2022-12-09 09:00:00+07:00,9.75,9.85,9.75,9.75,3248814.0
2022-12-13 09:00:00+07:00,9.8,9.95,9.75,9.75,8327815.0
2022-12-14 09:00:00+07:00,9.75,9.75,9.4,9.5,16223169.0
2022-12-15 09:00:00+07:00,9.5,9.55,9.3,9.35,9359220.0
2022-12-16 09:00:00+07:00,9.3,9.5,9.3,9.4,7538606.0
2022-12-19 09:00:00+07:00,9.4,9.4,9.05,9.05,10907995.0
2022-12-20 09:00:00+07:00,9.05,9.05,8.65,8.65,18452946.0
2022-12-21 09:00:00+07:00,8.7,9.4,8.7,9.3,19735177.0
2022-12-22 09:00:00+07:00,9.35,9.6,9.15,9.2,10072649.0
2022-12-23 09:00:00+07:00,9.15,9.85,9.05,9.7,26862932.0
2022-12-26 09:00:00+07:00,9.7,10.3,9.6,9.95,28057108.0
2022-12-27 09:00:00+07:00,9.95,10.2,9.95,10.1,13452030.0
2022-12-28 09:00:00+07:00,10.0,10.1,9.9,10.1,5222680.0
2022-12-29 09:00:00+07:00,10.1,10.2,10.0,10.1,6174627.0
2022-12-30 09:00:00+07:00,10.2,10.3,10.0,10.0,9512575.0
2023-01-03 09:00:00+07:00,10.0,10.1,9.8,9.85,5984843.0
2023-01-04 09:00:00+07:00,9.85,9.9,9.7,9.8,4903822.0
2023-01-05 09:00:00+07:00,9.75,10.2,9.75,10.2,12709391.0
2023-01-06 09:00:00+07:00,10.4,10.5,10.3,10.4,6825546.0
2023-01-09 09:00:00+07:00,10.4,10.8,10.3,10.7,17774034.0
2023-01-10 09:00:00+07:00,10.9,11.1,10.8,10.8,22518726.0
2023-01-11 09:00:00+07:00,10.9,11.0,10.6,10.9,8977769.0
2023-01-12 09:00:00+07:00,11.0,11.2,10.9,11.1,9697081.0
2023-01-13 09:00:00+07:00,11.0,11.1,10.7,10.8,5934063.0
2023-01-16 09:00:00+07:00,10.7,11.0,10.7,10.8,3785888.0
2023-01-17 09:00:00+07:00,10.8,10.9,10.7,10.9,2769958.0
2023-01-18 09:00:00+07:00,10.8,10.8,10.4,10.4,12136881.0
2023-01-19 09:00:00+07:00,10.4,10.6,10.3,10.5,4812807.0
2023-01-20 09:00:00+07:00,10.5,10.5,10.2,10.3,5540028.0
2023-01-23 09:00:00+07:00,10.3,10.4,10.1,10.2,3436726.0
2023-01-24 09:00:00+07:00,10.3,10.4,10.2,10.3,3078386.0
2023-01-25 09:00:00+07:00,10.3,10.8,10.2,10.5,14230476.0
2023-01-26 09:00:00+07:00,10.5,10.9,10.4,10.6,16283682.0
2023-01-27 09:00:00+07:00,10.6,10.7,10.4,10.6,7137718.0
2023-01-30 09:00:00+07:00,10.5,10.6,10.3,10.3,5502675.0
2023-01-31 09:00:00+07:00,10.3,10.5,10.2,10.4,9692668.0
2023-02-01 09:00:00+07:00,10.3,10.6,10.3,10.5,4078233.0
2023-02-02 09:00:00+07:00,10.6,11.4,10.6,11.4,29935615.0
2023-02-03 09:00:00+07:00,11.4,11.6,11.0,11.1,22059692.0
2023-02-06 09:00:00+07:00,11.1,11.4,11.0,11.1,8978258.0
2023-02-07 09:00:00+07:00,11.1,11.6,11.0,11.4,26522526.0
2023-02-08 09:00:00+07:00,11.4,12.0,11.4,11.7,37754818.0
2023-02-09 09:00:00+07:00,11.7,11.7,11.3,11.3,17154158.0
2023-02-10 09:00:00+07:00,11.3,11.5,11.2,11.4,7793051.0
2023-02-13 09:00:00+07:00,11.4,11.4,10.6,10.6,21280988.0
2023-02-14 09:00:00+07:00,10.6,10.9,10.4,10.5,8439368.0
2023-02-15 09:00:00+07:00,10.5,10.7,10.1,10.2,11604161.0
2023-02-16 09:00:00+07:00,10.2,10.4,10.1,10.3,4795189.0
2023-02-17 09:00:00+07:00,10.6,10.6,10.4,10.5,6685565.0
2023-02-20 09:00:00+07:00,10.7,11.4,10.7,11.0,24741297.0
2023-02-21 09:00:00+07:00,11.0,11.0,10.8,10.9,12062442.0
2023-02-22 09:00:00+07:00,11.0,11.3,10.9,11.1,18701874.0
2023-02-23 09:00:00+07:00,11.2,11.3,11.1,11.1,8847887.0
2023-02-24 09:00:00+07:00,11.1,11.5,11.0,11.3,14202595.0
2023-02-27 09:00:00+07:00,11.1,11.5,11.1,11.2,12504551.0
2023-02-28 09:00:00+07:00,11.3,11.4,11.1,11.1,12687129.0
2023-03-01 09:00:00+07:00,11.2,11.4,11.0,11.1,5835183.0
2023-03-02 09:00:00+07:00,11.1,11.3,10.9,10.9,6709473.0
2023-03-03 09:00:00+07:00,10.9,11.1,10.7,10.9,5851456.0
2023-03-07 09:00:00+07:00,10.9,11.0,10.7,10.8,7011852.0
2023-03-08 09:00:00+07:00,10.7,10.9,10.7,10.9,2458343.0
2023-03-09 09:00:00+07:00,10.9,10.9,10.8,10.8,1413520.0
2023-03-10 09:00:00+07:00,10.8,10.9,10.6,10.6,4313522.0
2023-03-13 09:00:00+07:00,10.4,10.6,10.1,10.3,7978727.0
2023-03-14 09:00:00+07:00,10.3,10.4,9.9,9.9,8456236.0
2023-03-15 09:00:00+07:00,10.1,10.4,10.0,10.2,5170455.0
2023-03-16 09:00:00+07:00,10.0,10.2,9.75,10.0,10176761.0
2023-03-17 09:00:00+07:00,10.1,10.4,10.0,10.3,13946875.0
2023-03-20 09:00:00+07:00,10.2,10.6,10.2,10.4,8702711.0
2023-03-21 09:00:00+07:00,10.4,10.7,10.4,10.6,3763018.0
2023-03-22 09:00:00+07:00,10.6,10.8,10.5,10.5,1907654.0
2023-03-23 09:00:00+07:00,10.4,10.8,10.4,10.7,2853772.0
2023-03-24 09:00:00+07:00,10.8,10.8,10.5,10.6,5209402.0
2023-03-27 09:00:00+07:00,10.6,10.6,10.4,10.4,1344240.0
2023-03-28 09:00:00+07:00,10.4,10.7,10.4,10.4,3538856.0
2023-03-29 09:00:00+07:00,10.5,10.6,10.4,10.5,1634014.0
2023-03-30 09:00:00+07:00,10.5,10.6,10.3,10.3,3242303.0
2023-03-31 09:00:00+07:00,10.4,10.5,10.2,10.2,2874553.0
2023-04-03 09:00:00+07:00,10.2,10.5,10.2,10.5,3249229.0
2023-04-04 09:00:00+07:00,10.5,10.5,10.3,10.4,1619697.0
2023-04-05 09:00:00+07:00,10.3,10.3,10.1,10.1,5068479.0
2023-04-07 09:00:00+07:00,10.1,10.3,10.1,10.1,1331442.0
2023-04-10 09:00:00+07:00,10.1,10.3,10.1,10.2,2847383.0
2023-04-11 09:00:00+07:00,10.3,10.4,10.1,10.2,3176741.0
2023-04-12 09:00:00+07:00,10.2,10.3,10.0,10.1,8912251.0
2023-04-17 09:00:00+07:00,10.2,10.6,10.1,10.6,6010381.0
2023-04-18 09:00:00+07:00,10.6,10.6,10.3,10.4,4378622.0
2023-04-19 09:00:00+07:00,10.2,10.2,9.95,10.0,4713858.0
2023-04-20 09:00:00+07:00,10.0,10.0,9.6,9.6,8337629.0
2023-04-21 09:00:00+07:00,9.6,9.75,9.4,9.4,6515966.0
2023-04-24 09:00:00+07:00,9.4,9.4,9.2,9.25,8374101.0
2023-04-25 09:00:00+07:00,9.25,9.4,9.0,9.0,8248531.0
2023-04-26 09:00:00+07:00,9.0,9.15,8.9,9.1,3859083.0
2023-04-27 09:00:00+07:00,9.1,9.15,8.95,9.0,2806256.0
2023-04-28 09:00:00+07:00,9.05,9.2,8.95,9.1,4258580.0
2023-05-02 09:00:00+07:00,9.1,9.25,9.0,9.15,3881619.0
2023-05-03 09:00:00+07:00,9.1,9.25,8.95,9.2,3614701.0
2023-05-08 09:00:00+07:00,9.2,9.35,9.15,9.25,1890800.0
2023-05-09 09:00:00+07:00,9.25,9.8,9.25,9.7,8650400.0
2023-05-10 09:00:00+07:00,9.55,9.7,9.5,9.7,5207600.0
2023-05-11 09:00:00+07:00,9.7,9.7,9.1,9.1,7432800.0
2023-05-12 09:00:00+07:00,9.1,9.15,9.0,9.05,4591611.0
2023-05-15 09:00:00+07:00,9.15,9.25,8.95,8.95,3217600.0
2023-05-16 09:00:00+07:00,8.95,9.2,8.9,9.15,3083481.0
2023-05-17 09:00:00+07:00,9.2,9.25,9.05,9.1,2479887.0
2023-05-18 09:00:00+07:00,9.2,9.2,9.05,9.1,2291026.0
2023-05-19 09:00:00+07:00,9.1,9.25,8.95,8.95,5484717.0
2023-05-22 09:00:00+07:00,9.0,9.0,8.75,8.95,2451059.0
2023-05-23 09:00:00+07:00,8.95,9.3,8.9,9.25,3195740.0
2023-05-24 09:00:00+07:00,9.25,9.3,9.1,9.2,3449308.0
2023-05-25 09:00:00+07:00,9.25,9.35,9.15,9.2,2716200.0
2023-05-26 09:00:00+07:00,9.2,9.2,8.95,9.0,3238841.0
2023-05-29 09:00:00+07:00,9.05,9.2,9.0,9.05,2389072.0
2023-05-30 09:00:00+07:00,9.1,9.45,9.1,9.3,5885294.0
2023-05-31 09:00:00+07:00,9.3,9.35,9.15,9.2,4029354.0
2023-06-01 09:00:00+07:00,9.25,9.35,9.2,9.2,2671537.0
2023-06-02 09:00:00+07:00,9.3,9.3,9.25,9.25,1307746.0
2023-06-06 09:00:00+07:00,9.25,9.3,9.15,9.2,1747527.0
2023-06-07 09:00:00+07:00,9.15,9.2,8.8,8.9,8037748.0
2023-06-08 09:00:00+07:00,8.9,9.15,8.85,9.15,3339038.0
2023-06-09 09:00:00+07:00,9.1,9.15,9.0,9.05,2091817.0
2023-06-12 09:00:00+07:00,9.05,9.1,9.0,9.0,1767628.0
2023-06-13 09:00:00+07:00,9.0,9.1,9.0,9.05,1054957.0
2023-06-14 09:00:00+07:00,9.05,9.1,9.0,9.0,1760478.0
2023-06-15 09:00:00+07:00,9.05,9.1,8.9,8.9,3651887.0
2023-06-16 09:00:00+07:00,8.95,9.0,8.85,9.0,4010289.0
2023-06-19 09:00:00+07:00,9.0,9.0,8.9,8.9,1482324.0
2023-06-20 09:00:00+07:00,8.95,9.0,8.9,8.95,1012260.0
2023-06-21 09:00:00+07:00,8.95,8.95,8.7,8.7,6051652.0
2023-06-22 09:00:00+07:00,8.75,8.8,8.1,8.2,11613047.0
2023-06-23 09:00:00+07:00,8.1,8.25,8.0,8.15,4578198.0
2023-06-26 09:00:00+07:00,8.2,8.2,7.8,8.0,5995668.0
2023-06-27 09:00:00+07:00,8.05,8.1,7.8,7.8,12286028.0
2023-06-28 09:00:00+07:00,7.8,7.9,7.5,7.55,6557664.0
2023-06-29 09:00:00+07:00,7.55,7.75,7.55,7.55,8937390.0
2023-06-30 09:00:00+07:00,7.6,7.65,7.35,7.45,15324271.0
2023-07-03 09:00:00+07:00,7.55,7.6,7.25,7.3,7280711.0
2023-07-04 09:00:00+07:00,7.3,7.55,7.25,7.55,5254896.0
2023-07-05 09:00:00+07:00,7.55,7.6,7.45,7.45,2834358.0
2023-07-06 09:00:00+07:00,7.45,7.45,7.2,7.2,7428048.0
2023-07-07 09:00:00+07:00,7.2,7.25,7.1,7.15,5398085.0
2023-07-10 09:00:00+07:00,7.15,7.45,7.1,7.4,7548873.0
2023-07-11 09:00:00+07:00,7.45,7.65,7.35,7.55,4886256.0
2023-07-12 09:00:00+07:00,7.5,7.55,7.15,7.2,6372442.0
2023-07-13 09:00:00+07:00,7.25,7.25,7.0,7.15,6310690.0
2023-07-14 09:00:00+07:00,7.2,7.45,7.15,7.4,3979334.0
2023-07-17 09:00:00+07:00,7.35,7.55,7.3,7.5,3623741.0
2023-07-18 09:00:00+07:00,7.5,7.55,7.25,7.3,7277574.0
2023-07-19 09:00:00+07:00,7.4,7.8,7.35,7.7,10223555.0
2023-07-20 09:00:00+07:00,7.6,7.65,7.4,7.4,6695073.0
2023-07-21 09:00:00+07:00,7.45,7.55,7.4,7.45,3209643.0
2023-07-24 09:00:00+07:00,7.45,7.45,7.3,7.3,3170808.0
2023-07-25 09:00:00+07:00,7.4,7.45,7.3,7.35,2340757.0
2023-07-26 09:00:00+07:00,7.35,7.4,7.15,7.15,3513586.0
2023-07-27 09:00:00+07:00,7.2,7.5,7.15,7.5,3338589.0
2023-07-31 09:00:00+07:00,7.45,7.45,7.2,7.2,13839725.0
2023-08-02 09:00:00+07:00,7.2,7.35,7.15,7.15,3826232.0
2023-08-03 09:00:00+07:00,7.15,7.2,7.0,7.1,5785452.0
2023-08-04 09:00:00+07:00,7.1,7.15,7.0,7.0,6738498.0
2023-08-07 09:00:00+07:00,7.0,7.05,6.8,6.9,5835331.0
2023-08-08 09:00:00+07:00,6.95,7.0,6.85,6.85,3163697.0
2023-08-09 09:00:00+07:00,6.85,7.0,6.85,6.95,3075409.0
2023-08-10 09:00:00+07:00,6.95,6.95,6.8,6.85,4188155.0
2023-08-11 09:00:00+07:00,6.85,6.95,6.8,6.8,2680654.0
2023-08-15 09:00:00+07:00,6.8,6.85,6.35,6.5,10370903.0
2023-08-16 09:00:00+07:00,6.5,6.55,6.35,6.55,3044362.0
2023-08-17 09:00:00+07:00,6.5,6.9,6.5,6.8,6488275.0
2023-08-18 09:00:00+07:00,6.8,6.8,6.65,6.7,3083498.0
2023-08-21 09:00:00+07:00,6.75,6.8,6.6,6.75,3010926.0
2023-08-22 09:00:00+07:00,6.75,6.8,6.65,6.65,5345419.0
2023-08-23 09:00:00+07:00,6.75,6.9,6.7,6.85,6009561.0
2023-08-24 09:00:00+07:00,6.85,7.05,6.8,6.95,7752461.0
2023-08-25 09:00:00+07:00,6.95,7.15,6.85,7.1,9394446.0
2023-08-28 09:00:00+07:00,7.1,7.2,7.0,7.2,4365962.0
2023-08-29 09:00:00+07:00,7.2,7.25,7.15,7.2,2759576.0
2023-08-30 09:00:00+07:00,7.2,7.5,7.15,7.35,10540399.0
2023-08-31 09:00:00+07:00,7.4,7.4,7.2,7.25,4587222.0
2023-09-01 09:00:00+07:00,7.3,7.5,7.25,7.35,8219567.0
2023-09-04 09:00:00+07:00,7.45,7.75,7.25,7.25,22397372.0
2023-09-05 09:00:00+07:00,7.25,7.45,7.2,7.4,4856472.0
2023-09-06 09:00:00+07:00,7.45,7.45,7.25,7.3,6371351.0
2023-09-07 09:00:00+07:00,7.35,7.65,7.3,7.55,7717817.0
2023-09-08 09:00:00+07:00,7.55,7.55,7.35,7.35,4231285.0
2023-09-11 09:00:00+07:00,7.35,7.4,7.2,7.25,3485585.0
2023-09-12 09:00:00+07:00,7.25,7.3,7.05,7.1,6948727.0
2023-09-13 09:00:00+07:00,7.1,7.1,6.95,7.0,3948274.0
2023-09-14 09:00:00+07:00,7.05,7.2,7.0,7.15,4120962.0
2023-09-15 09:00:00+07:00,7.15,7.25,7.1,7.1,15684603.0
2023-09-18 09:00:00+07:00,7.1,7.25,7.0,7.05,5022034.0
2023-09-19 09:00:00+07:00,7.05,7.15,6.95,6.95,4315752.0
2023-09-20 09:00:00+07:00,7.0,7.0,6.65,6.7,9746318.0
2023-09-21 09:00:00+07:00,6.8,6.85,6.6,6.75,5333005.0
2023-09-22 09:00:00+07:00,6.7,6.9,6.7,6.85,2972540.0
2023-09-25 09:00:00+07:00,6.85,7.0,6.85,6.9,3111054.0
2023-09-26 09:00:00+07:00,6.85,6.9,6.65,6.7,4278039.0
2023-09-27 09:00:00+07:00,6.55,6.7,6.55,6.7,2091569.0
2023-09-28 09:00:00+07:00,6.7,6.75,6.5,6.5,3912593.0
2023-09-29 09:00:00+07:00,6.6,6.7,6.5,6.65,2768552.0
2023-10-02 09:00:00+07:00,6.7,6.7,6.55,6.6,2116994.0
2023-10-03 09:00:00+07:00,6.6,6.6,6.3,6.3,7352121.0
2023-10-04 09:00:00+07:00,6.3,6.5,6.25,6.45,3758284.0
2023-10-05 09:00:00+07:00,6.45,6.45,6.25,6.35,2576173.0
2023-10-06 09:00:00+07:00,6.4,6.4,6.2,6.2,4698593.0
2023-10-09 09:00:00+07:00,6.2,6.25,6.05,6.05,3783748.0
2023-10-10 09:00:00+07:00,6.1,6.15,6.0,6.05,2114086.0
2023-10-11 09:00:00+07:00,6.1,6.2,6.0,6.1,4748081.0
2023-10-12 09:00:00+07:00,6.15,6.25,6.1,6.15,3313263.0
2023-10-16 09:00:00+07:00,6.15,6.15,5.8,5.85,6483832.0
2023-10-17 09:00:00+07:00,5.9,6.1,5.85,6.0,4379509.0
2023-10-18 09:00:00+07:00,5.95,6.15,5.95,6.05,3717325.0
2023-10-19 09:00:00+07:00,6.0,6.05,5.9,6.0,1725915.0
2023-10-20 09:00:00+07:00,6.0,6.0,5.8,5.85,3654594.0
2023-10-24 09:00:00+07:00,5.85,5.9,5.7,5.75,2653488.0
2023-10-25 09:00:00+07:00,5.8,6.1,5.8,6.05,4493793.0
2023-10-26 09:00:00+07:00,6.05,6.1,5.85,5.9,3773375.0
2023-10-27 09:00:00+07:00,5.9,6.0,5.8,5.9,2965072.0
